<?xml version="1.0" encoding="utf-8"?>
<extension type="component" method="upgrade" version="5.0">
    <name>COM_AUDATORIA</name>
    <namespace path="src">Joomla\Component\Audatoria</namespace>
    <version>1.0.2</version>
    <creationDate>2024-03-20</creationDate>
    <author>Joel Salazar</author>
    <authorEmail>contacto@joelsalazar.mx</authorEmail>
    <copyright>Copyright (C) 2024 Audatoria. All rights reserved.</copyright>
    <license>GNU GPL v3</license>
    <description>COM_AUDATORIA_DESC</description>

    <scriptfile>script.php</scriptfile>
    
    <files>
        <folder>administrator</folder>
		<folder>cli</folder>
        <folder>language</folder>
		<folder>media</folder>
        <folder>site</folder>
		<folder>sql</folder>
        <folder>tmpl</folder>
    </files>

    <administration>
        <menu>COM_AUDATORIA</menu>
        <submenu>
            <menu link="index.php?option=com_audatoria">Dashboard</menu>
        </submenu>
    </administration>

    <updateservers>
        <server type="collection">https://raw.githubusercontent.com/salazarjoelo/Audatoria/main/updates.xml</server>
    </updateservers>
</extension>