<?xml version="1.0" encoding="utf-8"?>
<access component="com_audatoria">
    <section name="component">
        <action name="core.admin" title="JACTION_ADMIN" description="JACTION_ADMIN_COMPONENT_DESC" />
        <action name="core.manage" title="JACTION_MANAGE" description="JACTION_MANAGE_COMPONENT_DESC" />
        <action name="core.create" title="JACTION_CREATE" description="JACTION_CREATE_COMPONENT_DESC" />
        <action name="core.delete" title="JACTION_DELETE" description="JACTION_DELETE_COMPONENT_DESC" />
        <action name="core.edit" title="JACTION_EDIT" description="JACTION_EDIT_COMPONENT_DESC" />
        <action name="core.edit.state" title="JACTION_EDITSTATE" description="JACTION_EDITSTATE_COMPONENT_DESC" />
        <action name="core.edit.own" title="JACTION_EDITOWN" description="JACTION_EDITOWN_COMPONENT_DESC" />
    </section>
    <section name="timeline">
        <action name="core.create" title="JACTION_CREATE" description="COM_AUDATORIA_ACCESS_CREATE_TIMELINE_DESC" />
        <action name="core.delete" title="JACTION_DELETE" description="COM_AUDATORIA_ACCESS_DELETE_TIMELINE_DESC" />
        <action name="core.edit" title="JACTION_EDIT" description="COM_AUDATORIA_ACCESS_EDIT_TIMELINE_DESC" />
        <action name="core.edit.state" title="JACTION_EDITSTATE" description="COM_AUDATORIA_ACCESS_EDITSTATE_TIMELINE_DESC" />
    </section>
    <section name="item">
        <action name="core.create" title="JACTION_CREATE" description="COM_AUDATORIA_ACCESS_CREATE_ITEM_DESC" />
        <action name="core.delete" title="JACTION_DELETE" description="COM_AUDATORIA_ACCESS_DELETE_ITEM_DESC" />
        <action name="core.edit" title="JACTION_EDIT" description="COM_AUDATORIA_ACCESS_EDIT_ITEM_DESC" />
        <action name="core.edit.state" title="JACTION_EDITSTATE" description="COM_AUDATORIA_ACCESS_EDITSTATE_ITEM_DESC" />
    </section>
    <section name="channel">
        <action name="core.create" title="JACTION_CREATE" description="COM_AUDATORIA_ACCESS_CREATE_CHANNEL_DESC" />
        <action name="core.delete" title="JACTION_DELETE" description="COM_AUDATORIA_ACCESS_DELETE_CHANNEL_DESC" />
        <action name="core.edit" title="JACTION_EDIT" description="COM_AUDATORIA_ACCESS_EDIT_CHANNEL_DESC" />
        <action name="core.edit.state" title="JACTION_EDITSTATE" description="COM_AUDATORIA_ACCESS_EDITSTATE_CHANNEL_DESC" />
        <action name="channel.import" title="COM_AUDATORIA_ACCESS_IMPORT_CHANNEL_LABEL" description="COM_AUDATORIA_ACCESS_IMPORT_CHANNEL_DESC" />
    </section>
</access>